{
  "accuracy": 0.48322147651006714,
  "precision": 0.45454545454545453,
  "recall": 0.4225352112676056,
  "f1": 0.43795620437956206,
  "roc_auc": 0.41197183098591544
}